{"stats":{"minecraft:killed":{"minecraft:skeleton":1,"minecraft:pig":3,"minecraft:zombie":3,"minecraft:cow":5,"scguns:cog_minion":1,"minecraft:phantom":1,"minecraft:player":2},"minecraft:killed_by":{"minecraft:creeper":4,"alexsmobs:emu":1,"minecraft:pillager":1,"alexsmobs:capuchin_monkey":1,"enemyexpansion:meature":3,"enemyexpansion:huntsman":1,"blue_skies:gatekeeper":1,"cataclysm:deepling":1,"enemyexpansion:sprinter":1,"scguns:swarm":1,"scguns:cog_minion":2,"enemyexpansion:invisicreeper":2,"minecraft:player":3,"friendsandfoes:mauler":1,"minecraft:enderman":5,"takesapillage:skirmisher":4,"minecraft:skeleton":4,"minecraft:phantom":3,"enemyexpansion:wasp":2,"enemyexpansion:direwolf":4},"minecraft:custom":{"enigmaticlegacy:play_time_with_seven_curses":376082,"minecraft:interact_with_crafting_table":57,"minecraft:open_barrel":140,"minecraft:leave_game":4,"minecraft:time_since_death":17445,"minecraft:sprint_one_cm":570720,"minecraft:drop":43,"minecraft:talked_to_villager":6,"minecraft:play_time":379166,"minecraft:deaths":49,"minecraft:jump":4926,"minecraft:walk_on_water_one_cm":38630,"minecraft:interact_with_furnace":67,"minecraft:missions_rerolled":3,"minecraft:interact_with_cartography_table":1,"minecraft:sleep_in_bed":9,"minecraft:damage_dealt":6506,"minecraft:player_kills":2,"minecraft:crouch_one_cm":61259,"minecraft:inspect_dispenser":3,"minecraft:inspect_dropper":5,"minecraft:mob_kills":16,"minecraft:damage_dealt_resisted":5,"minecraft:climb_one_cm":16929,"minecraft:walk_one_cm":847865,"minecraft:sneak_time":24232,"minecraft:walk_under_water_one_cm":11647,"minecraft:boat_one_cm":115485,"minecraft:total_world_time":379166,"enigmaticlegacy:play_time_without_seven_curses":1066,"minecraft:tune_noteblock":5,"minecraft:time_since_rest":17499,"minecraft:damage_taken":22303,"minecraft:trigger_trapped_chest":29,"minecraft:swim_one_cm":69782,"minecraft:fly_one_cm":1013859,"minecraft:open_chest":108,"minecraft:fall_one_cm":140619},"minecraft:broken":{"minecraft:stone_pickaxe":3,"minecraft:stone_axe":1},"minecraft:dropped":{"sophisticatedbackpacks:iron_backpack":2,"minecraft:iron_sword":1,"minecraft:oak_log":7,"minecraft:baked_potato":1,"minecraft:lantern":1,"create:steam_whistle":1,"minecraft:iron_pickaxe":1,"minecraft:stone_axe":3,"minecraft:wheat":3,"minecraft:rotten_flesh":3,"minecraft:azure_bluet":1,"minecraft:beef":6,"enigmaticlegacy:enigmatic_amulet":1,"minecraft:bread":4,"minecraft:iron_helmet":1,"minecraft:book":1,"minecraft:acacia_log":4,"minecraft:torch":24,"minecraft:melon_slice":125,"minecraft:iron_axe":1,"minecraft:stone_sword":1,"minecraft:raw_iron":6,"sophisticatedbackpacks:backpack":3,"improvableskills:skills_book":1,"minecraft:filled_map":1,"minecraft:stone_pickaxe":2},"minecraft:used":{"minecraft:ladder":4,"goblins_tyranny:wolf_stool":1,"minecraft:carrot":10,"minecraft:lantern":4,"minecraft:iron_helmet":10,"create_new_age:magnetite_block":1,"minecraft:written_book":1,"minecraft:furnace":3,"minecraft:egg":1,"minecraft:potato":4,"minecraft:diorite":2,"minecraft:stone_pickaxe":395,"minecraft:oak_planks":5,"minecraft:wooden_pickaxe":8,"minecraft:crossbow":3,"create:placard":1,"minecraft:dripstone_block":3,"sophisticatedbackpacks:backpack":1,"minecraft:dark_oak_log":11,"minecraft:melon_slice":61,"minecraft:bread":28,"blue_skies:maple_planks":1,"supplementaries:flax_seeds":26,"minecraft:andesite":2,"minecraft:oak_boat":3,"supplementaries:soap":1,"minecraft:experience_bottle":2,"biomesoplenty:mahogany_planks":3,"create:clipboard":1,"minecraft:netherite_sword":15,"minecraft:stone_sword":155,"minecraft:stone_hoe":16,"minecraft:cooked_chicken":3,"minecraft:torch":26,"minecraft:dirt":22,"minecraft:granite":2,"farmersdelight:rope":1,"minecraft:dark_oak_planks":7,"minecraft:iron_axe":1,"biomesoplenty:orange_sand":1,"minecraft:iron_boots":1,"minecraft:beef":1,"minecraft:goat_horn":5,"create:fluid_pipe":2,"minecraft:light_gray_bed":1,"minecraft:iron_leggings":1,"farmersdelight:fried_egg":1,"minecraft:pointed_dripstone":1,"biomesoplenty:black_sand":3,"minecraft:wheat_seeds":8,"minecraft:cooked_mutton":5,"minecraft:water_bucket":7,"minecraft:baked_potato":3,"minecraft:cut_sandstone":1,"scguns:phosphorite":1,"minecraft:cracked_stone_bricks":2,"minecraft:crafting_table":10,"minecraft:apple":8,"create:andesite_ladder":12,"minecraft:suspicious_stew":1,"minecraft:iron_pickaxe":241,"minecraft:map":1,"minecraft:stone_axe":143,"minecraft:crimson_fungus":1,"minecraft:cobblestone":11,"minecraft:cooked_porkchop":3,"minecraft:bucket":8,"minecraft:pumpkin_pie":2,"minecraft:yellow_bed":2,"minecraft:splash_potion":2},"minecraft:mined":{"minecraft:dark_oak_planks":1,"biomesoplenty:mossy_black_sand":1,"minecraft:stone_pressure_plate":10,"create:andesite_casing":2,"alexsmobs:leafcutter_anthill":1,"minecraft:jungle_leaves":2,"minecraft:spruce_trapdoor":1,"minecraft:granite":5,"minecraft:acacia_log":9,"minecraft:grass_block":9,"minecraft:light_gray_bed":1,"minecraft:coal_block":11,"minecraft:oxeye_daisy":6,"blue_skies:maple_planks":1,"minecraft:fire":3,"minecraft:iron_ore":39,"minecraft:barrel":1,"minecraft:pumpkin":1,"minecraft:azure_bluet":1,"minecraft:flowering_azalea_leaves":1,"amendments:wall_lantern":1,"biomesoplenty:webbing":3,"scguns:phosphorite":2,"minecraft:cut_sandstone":1,"goblins_tyranny:wolf_stool":2,"minecraft:torch":1,"minecraft:melon":17,"tfmg:lead_ore":13,"minecraft:cobblestone":12,"minecraft:sugar_cane":4,"minecraft:oak_planks":3,"minecraft:wall_torch":10,"farmersdelight:sandy_shrub":2,"create:copycat_panel":2,"create:steam_whistle":1,"minecraft:grass":105,"goblins_tyranny:wolf_hide":1,"minecraft:oak_log":69,"delightful:mini_melon":3,"minecraft:dirt":13,"create:placard":1,"minecraft:netherrack":2,"minecraft:oak_leaves":17,"minecraft:deepslate":4,"scguns:sulfur_ore":14,"minecraft:suspicious_gravel":1,"create:zinc_ore":12,"biomesoplenty:watergrass":3,"minecraft:mossy_cobblestone":1,"minecraft:dark_oak_leaves":2,"goblins_tyranny:goat_stool":1,"goblins_tyranny:coins_4":1,"farmersdelight:wild_carrots":15,"minecraft:dark_oak_log":5,"thinair:signal_torch":1,"biomesoplenty:bush":1,"minecraft:allium":5,"minecraft:decorated_pot":1,"create_new_age:thorium_ore":19,"minecraft:redstone_wire":3,"farmersdelight:wild_cabbages":7,"minecraft:red_mushroom":2,"biomesoplenty:dune_grass":2,"minecraft:large_fern":5,"minecraft:hay_block":4,"farmersdelight:wild_onions":2,"minecraft:redstone_ore":9,"supplementaries:flax":19,"minecraft:andesite":91,"minecraft:peony":16,"quark:polished_jasper":1,"farmersdelight:rope":1,"minecraft:lantern":7,"create:copycat_step":3,"minecraft:stone":199,"sophisticatedbackpacks:backpack":1,"minecraft:acacia_leaves":2,"minecraft:hanging_roots":1,"biomesoplenty:orange_sand":1,"create_new_age:magnetite_block":1,"biomesoplenty:black_sand":4,"minecraft:crafting_table":9,"create:fluid_pipe":2,"biomesoplenty:mahogany_planks":7,"goblins_tyranny:cow_hide":1,"minecraft:rose_bush":4,"supplementaries:sack":2,"minecraft:copper_ore":14,"minecraft:tall_grass":16,"scguns:ancient_brass_block":8,"minecraft:lapis_ore":4,"minecraft:diorite":17,"minecraft:big_dripleaf":2,"minecraft:cactus":6,"tfmg:galena":4,"biomesoplenty:mahogany_log":2,"minecraft:yellow_bed":2,"minecraft:coal_ore":99,"minecraft:dripstone_block":5,"quark:rusty_iron_plate_stairs":1,"minecraft:cobweb":1,"minecraft:cracked_stone_bricks":2,"minecraft:mossy_stone_bricks":1,"minecraft:fern":31},"minecraft:crafted":{"minecraft:oak_planks":32,"blue_skies:maple_stick":4,"minecraft:cooked_chicken":3,"minecraft:cooked_mutton":3,"minecraft:iron_boots":1,"improvableskills:skills_book":2,"minecraft:chest":1,"minecraft:stone_hoe":1,"create_dd:coal_piece":24,"sophisticatedbackpacks:backpack":3,"minecraft:cooked_porkchop":3,"minecraft:crafting_table":5,"minecraft:wooden_pickaxe":1,"minecraft:iron_helmet":2,"farmersdelight:fried_egg":1,"minecraft:string":13,"minecraft:paper":6,"minecraft:charcoal":3,"minecraft:stick":32,"minecraft:iron_ingot":13,"minecraft:iron_pickaxe":1,"minecraft:stone_sword":2,"minecraft:gold_ingot":2,"minecraft:coal":9,"biomesoplenty:mahogany_planks":8,"minecraft:furnace":3,"minecraft:ladder":4,"minecraft:stone_pickaxe":4,"minecraft:dark_oak_planks":28,"minecraft:wheat":27,"minecraft:red_dye":2,"minecraft:bucket":1,"minecraft:stone_axe":1,"minecraft:bread":9,"minecraft:air":0,"minecraft:oak_boat":2,"minecraft:iron_leggings":1,"minecraft:torch":36},"minecraft:picked_up":{"minecraft:wheat":10,"minecraft:flower_pot":1,"minecraft:suspicious_stew":1,"minecraft:lead":1,"minecraft:string":23,"minecraft:raw_copper":159,"goblins_tyranny:goat_stool":1,"minecraft:experience_bottle":1,"create:water_wheel":4,"minecraft:gold_nugget":15,"minecraft:cobbled_deepslate":5,"minecraft:bucket":4,"delightful:acorn":20,"minecraft:red_dye":4,"minecraft:rose_bush":24,"minecraft:iron_pickaxe":8,"minecraft:melon_slice":596,"delightful:green_tea_leaf":9,"minecraft:coal_block":25,"farmersdelight:cabbage_seeds":14,"minecraft:iron_boots":5,"minecraft:stick":45,"improvableskills:parchment_fragment":2,"minecraft:big_dripleaf":2,"minecraft:torch":72,"blue_skies:maple_planks":1,"minecraft:acacia_log":8,"create:andesite_casing":2,"minecraft:porkchop":21,"minecraft:pointed_dripstone":8,"minecraft:diorite":17,"supplementaries:flax":21,"minecraft:goat_horn":1,"blue_skies:maple_stick":4,"quark:rusty_iron_plate_stairs":1,"create:industrial_iron_block":2,"minecraft:stone_sword":16,"minecraft:cactus":10,"minecraft:light_gray_bed":3,"minecraft:rotten_flesh":8,"farmersdelight:onion":11,"farmersdelight:rope":1,"supplementaries:ash":1,"minecraft:iron_bars":5,"minecraft:cobblestone":395,"create:copycat_step":2,"farmersdelight:onion_crate":1,"minecraft:water_bucket":1,"minecraft:andesite":153,"create_dd:coal_piece":24,"minecraft:potato":13,"minecraft:tuff":2,"create:raw_zinc":16,"supplementaries:flax_seeds":58,"tfmg:raw_lead":15,"minecraft:lapis_lazuli":18,"minecraft:dirt":67,"minecraft:lantern":6,"minecraft:bone":1,"delightful:mini_melon":3,"minecraft:wheat_seeds":56,"minecraft:raw_gold":2,"create_new_age:magnetite_block":1,"tfmg:galena":4,"scguns:sulfur_chunk":86,"minecraft:stone_hoe":12,"minecraft:oak_planks":15,"biomesoplenty:mahogany_planks":210,"biomesoplenty:toadstool":25,"goblins_tyranny:wolf_hide":1,"miners_delight:gossypium":1,"minecraft:cooked_porkchop":3,"create:placard":3,"create:copycat_panel":2,"create:steam_whistle":3,"sophisticatedbackpacks:iron_backpack":15,"minecraft:dark_oak_log":7,"minecraft:barrel":1,"minecraft:crossbow":1,"minecraft:granite":4,"minecraft:bread":4,"minecraft:oak_sapling":59,"minecraft:crafting_table":8,"minecraft:allium":9,"create_new_age:thorium":111,"minecraft:azure_bluet":3,"minecraft:clay_ball":6,"minecraft:brick":4,"create:fluid_pipe":26,"minecraft:moss_carpet":60,"minecraft:iron_axe":1,"miners_delight:cave_carrot":2,"minecraft:compass":1,"minecraft:cracked_stone_bricks":2,"biomesoplenty:black_sand":3,"minecraft:beef":27,"minecraft:oak_boat":3,"scguns:ancient_brass":71,"minecraft:sugar_cane":22,"minecraft:phantom_membrane":1,"minecraft:spruce_trapdoor":1,"minecraft:egg":1,"minecraft:raw_iron":51,"minecraft:bowl":1,"sophisticatedbackpacks:backpack":2,"minecraft:carrot":90,"minecraft:redstone":19,"minecraft:stone_pressure_plate":12,"minecraft:dark_oak_planks":1,"minecraft:arrow":8,"minecraft:beetroot_seeds":1,"minecraft:pumpkin_pie":2,"minecraft:peony":16,"minecraft:hay_block":4,"minecraft:saddle":1,"goblins_tyranny:cow_hide":1,"biomesoplenty:orange_sand":1,"minecraft:oxeye_daisy":17,"minecraft:tripwire_hook":15,"minecraft:cut_sandstone":1,"minecraft:leather":23,"scguns:boomstick":1,"minecraft:red_mushroom":6,"scguns:phosphorite":2,"minecraft:crimson_fungus":1,"minecraft:oak_log":414,"create:andesite_alloy":9,"minecraft:yellow_bed":2,"minecraft:gunpowder":1,"minecraft:paper":4,"scguns:anthralite_nugget":3,"quark:polished_jasper":2,"minecraft:cooked_mutton":12,"create:crushed_raw_iron":15,"minecraft:apple":2,"goblins_tyranny:wolf_stool":2,"minecraft:iron_ingot":3,"minecraft:stone_pickaxe":8,"minecraft:cooked_chicken":3,"minecraft:iron_sword":1,"minecraft:acacia_sapling":1,"minecraft:book":2,"enemyexpansion:phantom_eye":1,"minecraft:warped_fungus":1,"minecraft:pumpkin":1,"supplementaries:sack":3,"minecraft:dripstone_block":4,"enigmaticlegacy:enigmatic_amulet":2,"biomesoplenty:mahogany_log":2,"goblins_tyranny:coin":4,"minecraft:stone_axe":17,"minecraft:iron_helmet":14,"minecraft:coal":193,"create:andesite_ladder":12}},"DataVersion":3465}