{"stats":{"minecraft:killed_by":{"creeperoverhaul:ocean_creeper":3,"minecraft:skeleton":1,"minecraft:zombie":1},"minecraft:mined":{"create:zinc_ore":4,"minecraft:white_bed":3,"minecraft:mossy_cobblestone":25,"minecraft:deepslate_diamond_ore":2,"minecraft:cherry_log":157,"minecraft:sculk_vein":1,"ubesdelight:wild_ginger":8,"expandeddelight:wild_peanuts":13,"minecraft:acacia_log":1,"minecraft:grass_block":2460,"minecraft:decorated_pot":1,"snowyspirit:wild_ginger":3,"minecraft:large_fern":3,"minecraft:hay_block":54,"minecraft:redstone_ore":2,"mythicmetals:quadrillum_ore":1,"minecraft:furnace":3,"minecraft:carrots":5,"minecraft:iron_ore":21,"mythicmetals:tin_ore":9,"minecraft:peony":3,"minecraft:bookshelf":10,"minecraft:deepslate_iron_ore":18,"minecraft:vine":1,"amendments:wall_lantern":1,"minecraft:pink_tulip":3,"minecraft:stone":160,"minecraft:white_wool":3,"minecraft:tripwire":1,"farmersdelight:cooking_pot":1,"minecraft:acacia_leaves":2,"minecraft:blackstone":4,"minecraft:lily_of_the_valley":7,"minecraft:stripped_dark_oak_log":4,"minecraft:soul_lantern":1,"minecraft:clay":29,"minecraft:crafting_table":4,"minecraft:torch":1,"minecraft:light_gray_terracotta":2,"minecraft:emerald_ore":3,"bakery:wild_strawberries":2,"minecraft:polished_andesite_stairs":1,"minecraft:chest":2,"minecraft:dead_bush":4,"candlelight:wild_tomatoes":14,"minecraft:copper_ore":7,"minecraft:tall_grass":31,"minecraft:cobblestone":2,"vinery:savanna_grape_bush_white":5,"minecraft:deepslate_coal_ore":18,"minecraft:deepslate_gold_ore":9,"minecraft:grindstone":1,"minecraft:damaged_anvil":1,"minecraft:sculk":1,"minecraft:diorite":3,"minecraft:wall_torch":5,"herbalbrews:wild_coffee_plant":2,"minecraft:pink_petals":132,"supplementaries:urn":10,"ubesdelight:wild_garlic":18,"minecraft:sea_pickle":1,"minecraft:wheat":17,"minecraft:grass":125,"minecraft:oak_log":2,"minecraft:coal_ore":134,"minecraft:cherry_leaves":44,"minecraft:dirt":1100,"mythicmetals:morkite_ore":5,"farmersdelight:stove":1,"minecraft:brown_terracotta":3,"minecraft:smooth_basalt":1,"minecraft:tripwire_hook":1,"minecraft:gold_ore":1,"minecraft:oak_leaves":9,"minecraft:fern":3},"minecraft:used":{"minecraft:stone_sword":4,"minecraft:iron_shovel":3744,"minecraft:chest":4,"farmersdelight:stove":2,"minecraft:shield":4,"minecraft:iron_sword":31,"minecraft:cooked_chicken":1,"minecraft:stick":5,"minecraft:torch":61,"minecraft:dirt":19,"minecraft:carrot":6,"minecraft:iron_hoe":1,"minecraft:brown_terracotta":1,"minecraft:iron_axe":104,"minecraft:polished_andesite_stairs":1,"mythicmetals:copper_chestplate":1,"minecraft:hay_block":1,"minecraft:furnace":6,"candlelight:tomato":3,"farmersdelight:cooking_pot":2,"minecraft:egg":7,"minecraft:cooked_beef":3,"minecraft:cherry_log":4,"minecraft:wheat_seeds":18,"minecraft:iron_ore":1,"ubesdelight:garlic":1,"naturalist:cooked_egg":11,"minecraft:stone_pickaxe":55,"minecraft:baked_potato":3,"minecraft:blackstone":1,"minecraft:wooden_pickaxe":31,"ubesdelight:ginger":4,"minecraft:crafting_table":4,"minecraft:white_bed":4,"minecraft:apple":5,"minecraft:bread":30,"minecraft:iron_pickaxe":374,"herbalbrews:tea_blossom":1,"minecraft:soul_lantern":2,"minecraft:stone_axe":131,"minecraft:wooden_sword":10,"minecraft:cobblestone":6,"travelersbackpack:standard":1,"minecraft:cooked_porkchop":7,"minecraft:bucket":1},"minecraft:picked_up":{"vinery:savanna_grape_seeds_white":20,"minecraft:shelter_pottery_sherd":2,"minecraft:crafting_table":4,"minecraft:wheat":21,"minecraft:chicken":6,"minecraft:clay_ball":116,"minecraft:brick":87,"expandeddelight:peanut":26,"minecraft:string":4,"minecraft:raw_copper":52,"minecraft:blackstone":4,"minecraft:beetroot":10,"minecraft:sea_pickle":1,"minecraft:bucket":1,"candlelight:tomato_seeds":6,"minecraft:white_tulip":4,"herbalbrews:coffee_beans":4,"minecraft:iron_nugget":20,"minecraft:iron_pickaxe":3,"minecraft:chest":2,"minecraft:furnace":3,"minecraft:egg":11,"minecraft:stick":53,"minecraft:raw_iron":40,"minecraft:brown_terracotta":2,"minecraft:torch":27,"minecraft:acacia_log":3,"minecraft:porkchop":7,"minecraft:cherry_log":174,"mythicmetals:raw_tin":16,"minecraft:carrot":17,"minecraft:diorite":3,"mythicmetals:morkite":7,"minecraft:redstone":8,"minecraft:dark_oak_planks":1,"minecraft:rotten_flesh":7,"minecraft:beetroot_seeds":3,"minecraft:peony":3,"minecraft:hay_block":95,"minecraft:pink_tulip":7,"minecraft:gold_ingot":2,"supplementaries:ash":19,"minecraft:obsidian":20,"minecraft:white_wool":3,"minecraft:cobblestone":195,"minecraft:pink_petals":712,"minecraft:feather":2,"minecraft:glow_ink_sac":4,"minecraft:tripwire_hook":1,"herbalbrews:tea_blossom":1,"minecraft:oak_log":2,"create:raw_zinc":4,"supplementaries:flax_seeds":2,"naturalist:cooked_egg":1,"farmersdelight:skillet":1,"minecraft:wooden_hoe":1,"minecraft:dirt":3446,"minecraft:bone":3,"minecraft:acacia_planks":2,"snowyspirit:ginger_flower":6,"farmersdelight:cooking_pot":1,"minecraft:bow":1,"ubesdelight:garlic":35,"minecraft:wheat_seeds":97,"minecraft:raw_gold":10,"minecraft:grindstone":1,"minecraft:iron_ingot":43,"minecraft:stone_pickaxe":1,"candlelight:tomato":19,"minecraft:oak_planks":12,"minecraft:book":61,"minecraft:polished_andesite_stairs":1,"bakery:strawberry":4,"minecraft:smooth_basalt":1,"minecraft:cooked_porkchop":3,"mythicmetals:raw_quadrillum":1,"minecraft:white_bed":3,"minecraft:lily_of_the_valley":14,"ubesdelight:ginger":12,"minecraft:spider_eye":1,"minecraft:mossy_cobblestone":25,"minecraft:iron_hoe":2,"minecraft:diamond":2,"minecraft:soul_lantern":2,"minecraft:bone_meal":4,"minecraft:cherry_sapling":89,"minecraft:emerald":10,"minecraft:bread":14,"minecraft:damaged_anvil":1,"minecraft:bricks":4,"minecraft:stripped_dark_oak_log":4,"farmersdelight:stove":1,"minecraft:coal":206},"minecraft:custom":{"lootr:looted_stat":49,"minecraft:mob_kills":12,"minecraft:interact_with_crafting_table":43,"minecraft:bell_ring":1,"minecraft:leave_game":4,"minecraft:time_since_death":94970,"minecraft:climb_one_cm":8172,"minecraft:sprint_one_cm":354552,"minecraft:walk_one_cm":819915,"minecraft:damage_blocked_by_shield":240,"minecraft:drop":11,"minecraft:talked_to_villager":6,"minecraft:play_time":261667,"minecraft:deaths":6,"minecraft:sneak_time":14246,"minecraft:walk_under_water_one_cm":14214,"minecraft:jump":2606,"minecraft:interact_with_blast_furnace":8,"minecraft:walk_on_water_one_cm":30313,"minecraft:total_world_time":261667,"minecraft:interact_with_furnace":49,"minecraft:interact_with_cartography_table":1,"minecraft:sleep_in_bed":15,"minecraft:time_since_rest":14011,"minecraft:damage_taken":3102,"minecraft:damage_dealt":1922,"minecraft:swim_one_cm":52650,"minecraft:fly_one_cm":438065,"minecraft:open_chest":164,"minecraft:crouch_one_cm":54933,"minecraft:interact_with_smoker":1,"minecraft:fall_one_cm":81424},"minecraft:dropped":{"minecraft:bread":14,"minecraft:stick":3,"minecraft:torch":7,"minecraft:brown_terracotta":1,"minecraft:wooden_sword":1,"minecraft:rotten_flesh":2,"patchouli:guide_book":1,"minecraft:spider_eye":1,"minecraft:stone_pickaxe":1},"minecraft:killed":{"minecraft:spider":1,"minecraft:slime":1,"minecraft:skeleton":2,"minecraft:chicken":3,"minecraft:zombie":4},"minecraft:broken":{"minecraft:iron_shovel":14,"minecraft:stone_axe":1,"minecraft:iron_pickaxe":1},"minecraft:crafted":{"minecraft:brick":94,"minecraft:oak_planks":28,"minecraft:cooked_chicken":3,"minecraft:furnace":3,"minecraft:iron_axe":1,"minecraft:stone_pickaxe":2,"minecraft:chest":2,"minecraft:bricks":8,"minecraft:dark_oak_planks":16,"farmersdelight:stove":1,"minecraft:wooden_shovel":1,"minecraft:crafting_table":2,"minecraft:wooden_pickaxe":1,"minecraft:baked_potato":3,"farmersdelight:cooking_pot":1,"minecraft:campfire":1,"minecraft:bucket":1,"minecraft:stone_axe":1,"farmersdelight:skillet":1,"minecraft:air":0,"minecraft:stick":36,"minecraft:iron_ingot":2,"minecraft:stone_sword":1,"minecraft:iron_shovel":15,"minecraft:white_bed":1,"minecraft:acacia_planks":12,"minecraft:torch":80,"naturalist:cooked_egg":35}},"DataVersion":3465}