{"stats":{"minecraft:custom":{"minecraft:mob_kills":1,"minecraft:interact_with_crafting_table":32,"minecraft:open_shulker_box":6,"minecraft:leave_game":1,"minecraft:time_since_death":103862,"minecraft:sprint_one_cm":113804,"minecraft:walk_one_cm":280852,"minecraft:drop":17,"minecraft:talked_to_villager":84,"minecraft:play_time":176760,"minecraft:deaths":2,"minecraft:sneak_time":14460,"minecraft:jump":401,"minecraft:walk_on_water_one_cm":42,"minecraft:total_world_time":176760,"minecraft:interact_with_furnace":25,"minecraft:traded_with_villager":22,"minecraft:time_since_rest":103895,"minecraft:damage_taken":739,"minecraft:damage_dealt":950,"minecraft:player_kills":2,"minecraft:fly_one_cm":77273,"minecraft:open_chest":138,"minecraft:crouch_one_cm":39858,"minecraft:fall_one_cm":2820},"minecraft:picked_up":{"minecraft:wooden_axe":1,"minecraft:mud":155,"minecraft:clay_ball":284,"minecraft:raw_copper":144,"minecraft:iron_axe":1,"minecraft:beetroot":6,"minecraft:gold_nugget":20,"minecraft:cobbled_deepslate":60,"minecraft:melon_slice":43,"minecraft:chest":1,"minecraft:stick":10,"minecraft:raw_iron":118,"minecraft:torch":14,"minecraft:diorite":67,"minecraft:carrot":50,"minecraft:redstone":201,"minecraft:beetroot_seeds":19,"minecraft:cobblestone":895,"minecraft:water_bucket":1,"minecraft:andesite":63,"minecraft:potato":89,"minecraft:oak_log":251,"minecraft:ancient_debris":3,"minecraft:lapis_lazuli":306,"minecraft:dirt":661,"minecraft:apple":1,"minecraft:raw_gold":45,"minecraft:iron_ingot":14,"minecraft:stone_pickaxe":1,"minecraft:glowstone_dust":17,"minecraft:moss_block":209,"minecraft:oak_planks":1,"minecraft:stone_hoe":1,"minecraft:soul_sand":8,"minecraft:oak_slab":8,"minecraft:quartz":5,"minecraft:poisonous_potato":1,"minecraft:dripstone_block":130,"minecraft:spruce_sapling":11,"minecraft:spruce_log":5,"minecraft:diamond":47,"minecraft:granite":69,"minecraft:cherry_sapling":1,"minecraft:emerald":42,"minecraft:oak_sapling":8,"minecraft:melon_seeds":2,"minecraft:netherrack":2,"minecraft:coal":131},"minecraft:killed_by":{"minecraft:player":1},"minecraft:dropped":{"minecraft:diamond":6,"minecraft:cobblestone":64,"minecraft:dirt":77,"minecraft:melon_slice":17,"minecraft:iron_pickaxe":1,"minecraft:bucket":1,"minecraft:spruce_sapling":8,"minecraft:pumpkin_seeds":1,"minecraft:carrot":7,"minecraft:potato":4,"minecraft:wooden_pickaxe":1},"minecraft:crafted":{"minecraft:oak_planks":40,"minecraft:stone_shovel":4,"minecraft:sand":25,"minecraft:furnace":1,"minecraft:cherry_sapling":1,"minecraft:potato":30,"minecraft:shulker_box":1,"minecraft:iron_axe":1,"minecraft:stone_pickaxe":5,"minecraft:chest":3,"minecraft:stone_hoe":1,"minecraft:shulker_shell":2,"minecraft:crafting_table":1,"minecraft:wooden_pickaxe":1,"minecraft:baked_potato":4,"minecraft:wheat_seeds":40,"minecraft:sheep_spawn_egg":2,"minecraft:pumpkin_seeds":1,"minecraft:stone_axe":2,"minecraft:air":0,"minecraft:beetroot_seeds":6,"minecraft:bamboo":1,"minecraft:dark_oak_sapling":2,"minecraft:diamond_pickaxe":1,"minecraft:stick":24,"minecraft:iron_pickaxe":5,"minecraft:iron_shovel":2,"minecraft:gold_ingot":46,"minecraft:carrot":10},"minecraft:broken":{"minecraft:iron_shovel":1,"minecraft:stone_pickaxe":6,"minecraft:stone_axe":2,"minecraft:iron_pickaxe":4,"minecraft:wooden_axe":1,"minecraft:stone_shovel":4},"minecraft:killed":{"minecraft:zombie":1},"minecraft:mined":{"minecraft:nether_gold_ore":6,"minecraft:deepslate_diamond_ore":48,"minecraft:cherry_sapling":1,"minecraft:granite":78,"minecraft:grass_block":595,"minecraft:spruce_leaves":198,"minecraft:moss_block":250,"minecraft:redstone_ore":16,"minecraft:glowstone":5,"minecraft:carrots":13,"minecraft:iron_ore":82,"minecraft:andesite":69,"minecraft:deepslate_lapis_ore":39,"minecraft:potatoes":28,"minecraft:deepslate_iron_ore":53,"minecraft:stone":557,"minecraft:deepslate_redstone_ore":34,"minecraft:oak_slab":4,"minecraft:soul_sand":9,"minecraft:clay":82,"minecraft:melon":9,"minecraft:chest":1,"minecraft:nether_quartz_ore":5,"minecraft:copper_ore":10,"minecraft:deepslate_coal_ore":56,"minecraft:lapis_ore":14,"minecraft:deepslate_gold_ore":37,"minecraft:oak_planks":1,"minecraft:diorite":76,"minecraft:deepslate_copper_ore":35,"minecraft:mud":173,"minecraft:spruce_log":5,"minecraft:coal_ore":88,"minecraft:oak_log":289,"minecraft:beetroots":6,"minecraft:dirt":40,"minecraft:dripstone_block":147,"minecraft:netherrack":2,"minecraft:ancient_debris":3,"minecraft:oak_leaves":212,"minecraft:gold_ore":13,"minecraft:deepslate_emerald_ore":44,"minecraft:deepslate":61},"minecraft:used":{"minecraft:moss_block":18,"minecraft:cherry_sapling":2,"minecraft:iron_shovel":284,"minecraft:stone_shovel":522,"minecraft:chest":3,"minecraft:stone_hoe":45,"minecraft:dirt":171,"minecraft:carrot":43,"minecraft:shulker_box":1,"minecraft:wooden_axe":59,"minecraft:iron_axe":122,"minecraft:melon_seeds":1,"minecraft:bamboo":1,"minecraft:furnace":1,"minecraft:oak_sapling":2,"minecraft:beetroot_seeds":6,"minecraft:potato":87,"minecraft:dark_oak_sapling":1,"minecraft:water_bucket":2,"minecraft:stone_pickaxe":784,"minecraft:baked_potato":4,"minecraft:oak_planks":1,"minecraft:wooden_pickaxe":35,"minecraft:oak_slab":3,"minecraft:crafting_table":1,"minecraft:diamond_pickaxe":4,"minecraft:apple":1,"minecraft:melon_slice":4,"minecraft:iron_pickaxe":1229,"minecraft:spruce_sapling":3,"minecraft:stone_axe":258,"minecraft:cobblestone":1,"minecraft:bucket":1}},"DataVersion":3953}