{"stats":{"minecraft:killed":{"minecraft:skeleton":1,"friendsandfoes:mauler":1,"minecraft:chicken":19,"minecraft:pig":18,"minecraft:sheep":8,"goblins_tyranny:mini_goblin_2":1,"enemyexpansion:meature":1,"minecraft:zombie":1,"goblins_tyranny:mini_goblin_3":1,"minecraft:player":2,"minecraft:cow":7},"minecraft:killed_by":{"minecraft:player":2,"minecraft:creeper":1,"friendsandfoes:mauler":1,"minecraft:enderman":1,"enemyexpansion:meature":3,"takesapillage:skirmisher":3,"enemyexpansion:huntsman":1,"blue_skies:gatekeeper":2,"goblins_tyranny:mini_goblin_2":2,"cataclysm:deepling":1,"enemyexpansion:sprinter":1,"minecraft:skeleton":6,"minecraft:phantom":3,"minecraft:zombie":2,"enemyexpansion:direwolf":6,"scguns:swarm":1,"scguns:cog_minion":1,"enemyexpansion:invisicreeper":1},"minecraft:custom":{"enigmaticlegacy:play_time_with_seven_curses":333612,"minecraft:inspect_dropper":1,"minecraft:mob_kills":62,"minecraft:animals_bred":1,"minecraft:interact_with_crafting_table":35,"minecraft:open_barrel":95,"minecraft:bell_ring":1,"minecraft:damage_dealt_resisted":0,"minecraft:leave_game":5,"minecraft:time_since_death":4461,"minecraft:climb_one_cm":19344,"minecraft:sprint_one_cm":604207,"minecraft:walk_one_cm":794971,"minecraft:drop":110,"minecraft:talked_to_villager":4,"minecraft:play_time":335825,"minecraft:sneak_time":13322,"minecraft:deaths":42,"minecraft:walk_under_water_one_cm":12187,"minecraft:boat_one_cm":116116,"minecraft:jump":4670,"minecraft:walk_on_water_one_cm":22132,"minecraft:total_world_time":335825,"minecraft:interact_with_furnace":151,"minecraft:missions_rerolled":2,"enigmaticlegacy:play_time_without_seven_curses":689,"minecraft:traded_with_villager":1,"minecraft:interact_with_cartography_table":1,"minecraft:sleep_in_bed":4,"minecraft:time_since_rest":4493,"minecraft:damage_taken":17626,"minecraft:trigger_trapped_chest":11,"minecraft:damage_dealt":11099,"minecraft:swim_one_cm":60747,"minecraft:player_kills":3,"minecraft:fly_one_cm":1486480,"minecraft:open_chest":140,"minecraft:crouch_one_cm":22621,"minecraft:fall_one_cm":159831},"minecraft:broken":{"minecraft:iron_boots":1,"minecraft:stone_pickaxe":3,"minecraft:iron_pickaxe":1,"minecraft:iron_helmet":1},"minecraft:dropped":{"sophisticatedbackpacks:iron_backpack":5,"minecraft:stone_hoe":3,"minecraft:wheat_seeds":42,"minecraft:oak_log":74,"minecraft:crafting_table":1,"minecraft:dripstone_block":2,"minecraft:crossbow":1,"minecraft:iron_helmet":3,"minecraft:cobblestone":89,"biomesoplenty:mahogany_planks":68,"minecraft:saddle":1,"scguns:ancient_brass":30,"minecraft:granite":21,"minecraft:coal":46,"minecraft:coal_block":12,"minecraft:dirt":23,"create:andesite_ladder":12,"minecraft:diorite":15,"minecraft:torch":14,"tfmg:lignite":4,"minecraft:melon_slice":38,"minecraft:pumpkin_pie":2,"minecraft:gold_nugget":1,"minecraft:iron_axe":1,"create:crushed_raw_iron":15,"minecraft:iron_pickaxe":1,"minecraft:paper":4,"minecraft:string":6,"minecraft:bucket":1,"create:raw_zinc":6,"minecraft:stone_axe":5,"minecraft:compass":1,"minecraft:iron_nugget":4,"minecraft:cobbled_deepslate":12,"minecraft:stone_sword":6,"minecraft:tuff":2,"minecraft:pointed_dripstone":5,"minecraft:rotten_flesh":1,"minecraft:oak_planks":3,"minecraft:iron_boots":2,"sophisticatedbackpacks:backpack":2,"minecraft:cooked_mutton":9,"minecraft:azure_bluet":1,"minecraft:filled_map":1,"minecraft:big_dripleaf":1,"supplementaries:flax_seeds":6,"minecraft:stone":2,"create:scoria":9,"minecraft:andesite":22,"create_dd:coal_piece":24,"minecraft:stone_pickaxe":1,"minecraft:bread":4,"minecraft:iron_sword":1},"minecraft:used":{"alexsmobs:emu_egg":1,"biomesoplenty:mahogany_planks":18,"minecraft:stone_sword":4,"minecraft:iron_sword":235,"minecraft:cooked_chicken":15,"minecraft:torch":18,"minecraft:dirt":6,"minecraft:carrot":1,"minecraft:iron_hoe":43,"minecraft:dark_oak_planks":11,"blue_skies:lunar_stonebrick":1,"minecraft:lantern":13,"minecraft:iron_axe":64,"minecraft:iron_helmet":5,"minecraft:iron_boots":4,"supplementaries:goblet":1,"minecraft:furnace":13,"minecraft:cooked_beef":6,"minecraft:iron_leggings":1,"minecraft:light_gray_bed":3,"farmersdelight:fried_egg":1,"goblins_tyranny:goblins_tyranny_guide":1,"minecraft:cooked_mutton":9,"minecraft:water_bucket":1,"minecraft:diorite":3,"minecraft:stone_pickaxe":393,"minecraft:baked_potato":1,"tfmg:lignite":1,"minecraft:crafting_table":4,"minecraft:campfire":1,"minecraft:paper":1,"create:andesite_ladder":7,"minecraft:bread":13,"minecraft:melon_slice":63,"minecraft:iron_pickaxe":275,"blue_skies:maple_planks":1,"supplementaries:flax_seeds":10,"minecraft:stone_axe":55,"minecraft:cobblestone":9,"minecraft:cooked_porkchop":6,"minecraft:bucket":1,"minecraft:andesite":19,"minecraft:yellow_bed":4,"quark:oak_chest":2,"alexsmobs:animal_dictionary":1,"minecraft:bone_meal":27,"supplementaries:soap":1,"minecraft:experience_bottle":1},"minecraft:mined":{"minecraft:dark_oak_planks":5,"supplementaries:goblet":1,"minecraft:tuff":2,"minecraft:stone_pressure_plate":2,"minecraft:dark_oak_leaves":1,"minecraft:jungle_leaves":5,"minecraft:dark_oak_log":1,"tfmg:lignite":5,"minecraft:granite":18,"minecraft:grass_block":5,"create_new_age:thorium_ore":3,"create:andesite_ladder":8,"minecraft:light_gray_bed":3,"minecraft:redstone_wire":166,"create:item_vault":45,"blue_skies:maple_planks":4,"minecraft:potted_warped_fungus":1,"minecraft:large_fern":1,"minecraft:hay_block":3,"minecraft:furnace":12,"minecraft:iron_ore":6,"supplementaries:flax":2,"minecraft:andesite":107,"blue_skies:lunar_stonebrick":1,"goblins_tyranny:mugs_2":1,"minecraft:pointed_dripstone":4,"minecraft:vine":3,"minecraft:flowering_azalea_leaves":7,"amendments:wall_lantern":1,"minecraft:lantern":6,"minecraft:stone":267,"minecraft:crafting_table":1,"create:fluid_pipe":12,"minecraft:melon":23,"biomesoplenty:mahogany_planks":13,"create:scoria":9,"minecraft:campfire":5,"tfmg:lead_ore":6,"minecraft:tall_grass":7,"minecraft:copper_ore":14,"minecraft:cobblestone":14,"minecraft:wall_torch":1,"minecraft:diorite":6,"supplementaries:urn":1,"biomesoplenty:mahogany_log":23,"minecraft:yellow_bed":4,"minecraft:grass":70,"minecraft:oak_log":13,"minecraft:coal_ore":66,"minecraft:dirt":19,"minecraft:cobweb":7,"minecraft:oak_leaves":2,"minecraft:fern":30,"minecraft:deepslate":12,"scguns:sulfur_ore":10},"minecraft:crafted":{"minecraft:oak_planks":16,"biomesoplenty:mahogany_planks":92,"minecraft:cooked_chicken":27,"minecraft:furnace":1,"minecraft:stone":2,"minecraft:bone_meal":27,"minecraft:cooked_mutton":15,"quark:acacia_chest":2,"minecraft:stone_pickaxe":2,"minecraft:dark_oak_planks":12,"sophisticatedbackpacks:iron_backpack":2,"minecraft:wheat":27,"minecraft:cooked_beef":6,"blue_skies:blue_journal":1,"minecraft:cooked_porkchop":35,"minecraft:crafting_table":3,"minecraft:iron_sword":1,"minecraft:bucket":1,"minecraft:campfire":1,"minecraft:stone_axe":1,"minecraft:air":0,"minecraft:bread":9,"farmersdelight:fried_egg":8,"minecraft:stick":12,"quark:oak_chest":2,"minecraft:iron_ingot":20,"minecraft:iron_pickaxe":2,"minecraft:acacia_planks":16},"minecraft:picked_up":{"minecraft:charcoal":10,"minecraft:crafting_table":5,"create_new_age:thorium":81,"minecraft:azure_bluet":1,"minecraft:chicken":30,"create:metal_bracket":8,"minecraft:string":7,"minecraft:raw_copper":151,"create:fluid_pipe":12,"minecraft:iron_axe":2,"minecraft:compass":1,"alexsmobs:banana":1,"minecraft:cobbled_deepslate":21,"minecraft:netherite_sword":1,"minecraft:bucket":3,"delightful:acorn":3,"minecraft:beef":20,"minecraft:rose_bush":1,"scguns:ancient_brass":31,"minecraft:iron_pickaxe":2,"minecraft:melon_slice":287,"minecraft:coal_block":12,"minecraft:egg":9,"minecraft:iron_boots":2,"minecraft:furnace":12,"minecraft:stick":8,"minecraft:raw_iron":14,"minecraft:big_dripleaf":1,"minecraft:copper_ingot":28,"blue_skies:maple_planks":4,"minecraft:torch":29,"minecraft:acacia_log":4,"sophisticatedbackpacks:backpack":5,"minecraft:porkchop":41,"minecraft:pointed_dripstone":5,"minecraft:diorite":6,"minecraft:carrot":27,"minecraft:redstone":182,"supplementaries:flax":8,"minecraft:dark_oak_planks":5,"goblins_tyranny:goblins_meat":2,"minecraft:stone_sword":7,"minecraft:arrow":30,"minecraft:light_gray_bed":3,"minecraft:rotten_flesh":13,"create:scoria":9,"minecraft:hay_block":3,"alexsmobs:emu_egg":1,"minecraft:saddle":1,"minecraft:mutton":18,"minecraft:cobblestone":330,"minecraft:white_wool":6,"minecraft:feather":23,"minecraft:andesite":116,"minecraft:leather":14,"create_dd:coal_piece":24,"minecraft:filled_map":1,"minecraft:tuff":3,"create:raw_zinc":17,"minecraft:oak_log":94,"create:andesite_alloy":2,"supplementaries:flax_seeds":27,"minecraft:yellow_bed":5,"minecraft:gunpowder":3,"tfmg:raw_lead":8,"minecraft:lapis_lazuli":6,"minecraft:dirt":47,"minecraft:paper":4,"minecraft:lantern":12,"create:item_vault":45,"scguns:anthralite_nugget":3,"minecraft:cooked_mutton":7,"minecraft:bone":13,"supplementaries:goblet":1,"minecraft:wheat_seeds":34,"minecraft:stone_pickaxe":2,"blue_skies:lunar_stonebrick":1,"minecraft:iron_ingot":6,"scguns:sulfur_chunk":43,"minecraft:stone_hoe":3,"minecraft:iron_sword":3,"minecraft:oak_planks":3,"biomesoplenty:mahogany_planks":70,"minecraft:book":1,"miners_delight:gossypium":1,"create:cogwheel":6,"tfmg:lignite":5,"minecraft:dripstone_block":1,"create:steam_whistle":1,"sophisticatedbackpacks:iron_backpack":4,"minecraft:dark_oak_log":2,"biomesoplenty:mahogany_log":23,"minecraft:stone_axe":6,"minecraft:iron_helmet":4,"minecraft:crossbow":1,"minecraft:granite":38,"minecraft:bread":6,"minecraft:wheat":3,"minecraft:baked_potato":1,"minecraft:oak_sapling":22,"minecraft:black_wool":2,"minecraft:coal":184,"create:andesite_ladder":19}},"DataVersion":3465}