{"stats":{"minecraft:killed":{"minecraft:skeleton":1,"minecraft:chicken":19,"minecraft:pig":18,"goblins_tyranny:mini_goblin_2":1,"minecraft:sheep":9,"enemyexpansion:meature":1,"minecraft:zombie":2,"goblins_tyranny:mini_goblin_3":1,"minecraft:cow":7,"friendsandfoes:mauler":1,"minecraft:player":3},"minecraft:killed_by":{"minecraft:creeper":1,"enemyexpansion:meature":3,"enemyexpansion:huntsman":1,"blue_skies:gatekeeper":2,"cataclysm:deepling":1,"enemyexpansion:sprinter":1,"minecraft:zombie":2,"scguns:swarm":1,"scguns:cog_minion":1,"enemyexpansion:invisicreeper":1,"minecraft:player":3,"friendsandfoes:mauler":1,"minecraft:enderman":1,"takesapillage:skirmisher":5,"goblins_tyranny:mini_goblin_2":2,"minecraft:skeleton":6,"minecraft:phantom":3,"enemyexpansion:direwolf":6},"minecraft:custom":{"enigmaticlegacy:play_time_with_seven_curses":399454,"minecraft:animals_bred":1,"minecraft:interact_with_crafting_table":36,"minecraft:open_barrel":134,"minecraft:bell_ring":1,"minecraft:leave_game":5,"minecraft:time_since_death":7246,"minecraft:sprint_one_cm":730581,"minecraft:drop":126,"minecraft:talked_to_villager":4,"minecraft:play_time":401825,"minecraft:deaths":47,"minecraft:jump":5773,"minecraft:walk_on_water_one_cm":42449,"minecraft:interact_with_furnace":174,"minecraft:missions_rerolled":2,"minecraft:traded_with_villager":1,"minecraft:interact_with_cartography_table":1,"minecraft:sleep_in_bed":4,"minecraft:damage_dealt":12839,"minecraft:player_kills":4,"minecraft:crouch_one_cm":36071,"minecraft:inspect_dropper":1,"minecraft:mob_kills":64,"minecraft:damage_dealt_resisted":0,"minecraft:climb_one_cm":25817,"minecraft:walk_one_cm":958847,"minecraft:sneak_time":17202,"minecraft:walk_under_water_one_cm":14472,"minecraft:boat_one_cm":116116,"minecraft:total_world_time":401825,"enigmaticlegacy:play_time_without_seven_curses":689,"minecraft:tune_noteblock":2,"minecraft:time_since_rest":7284,"minecraft:damage_taken":20778,"minecraft:trigger_trapped_chest":13,"minecraft:swim_one_cm":71428,"minecraft:fly_one_cm":1749139,"minecraft:open_chest":144,"minecraft:fall_one_cm":194157},"minecraft:broken":{"minecraft:iron_boots":1,"minecraft:stone_pickaxe":3,"minecraft:iron_pickaxe":1,"minecraft:iron_helmet":1},"minecraft:dropped":{"sophisticatedbackpacks:iron_backpack":5,"minecraft:iron_sword":1,"minecraft:oak_log":74,"minecraft:crafting_table":1,"minecraft:cooked_porkchop":1,"minecraft:crossbow":1,"biomesoplenty:mahogany_planks":68,"minecraft:leather":18,"scguns:ancient_brass":30,"minecraft:saddle":1,"minecraft:dirt":24,"tfmg:lignite":4,"minecraft:gold_nugget":1,"minecraft:pumpkin_pie":2,"create:crushed_raw_iron":15,"minecraft:iron_pickaxe":1,"minecraft:stone_axe":5,"minecraft:compass":1,"minecraft:sugar_cane":4,"minecraft:iron_nugget":4,"minecraft:cobbled_deepslate":12,"minecraft:pointed_dripstone":5,"minecraft:rotten_flesh":2,"minecraft:oak_planks":3,"minecraft:cooked_mutton":9,"minecraft:azure_bluet":1,"supplementaries:flax_seeds":6,"create:scoria":9,"create_dd:coal_piece":24,"minecraft:stone_hoe":3,"minecraft:iron_ingot":3,"minecraft:bread":10,"minecraft:wheat_seeds":44,"minecraft:dripstone_block":2,"minecraft:iron_helmet":3,"minecraft:cobblestone":89,"minecraft:granite":21,"minecraft:coal":46,"minecraft:coal_block":12,"create:andesite_ladder":12,"minecraft:diorite":15,"minecraft:torch":14,"minecraft:melon_slice":38,"minecraft:iron_axe":1,"minecraft:paper":4,"minecraft:string":6,"minecraft:bucket":1,"create:raw_zinc":6,"minecraft:stone_sword":6,"minecraft:tuff":2,"minecraft:iron_boots":2,"sophisticatedbackpacks:backpack":2,"minecraft:filled_map":1,"minecraft:big_dripleaf":1,"minecraft:stone":2,"minecraft:andesite":22,"minecraft:stone_pickaxe":1,"minecraft:raw_gold":2},"minecraft:used":{"alexsmobs:emu_egg":1,"minecraft:iron_sword":235,"minecraft:carrot":1,"blue_skies:lunar_stonebrick":1,"minecraft:lantern":13,"minecraft:iron_helmet":6,"supplementaries:goblet":1,"minecraft:furnace":13,"goblins_tyranny:goblins_tyranny_guide":1,"minecraft:diorite":3,"minecraft:stone_pickaxe":393,"minecraft:melon_slice":63,"minecraft:bread":14,"blue_skies:maple_planks":1,"supplementaries:flax_seeds":10,"minecraft:andesite":19,"supplementaries:soap":1,"minecraft:bone_meal":27,"minecraft:experience_bottle":3,"biomesoplenty:mahogany_planks":18,"minecraft:stone_sword":4,"minecraft:cooked_chicken":15,"minecraft:torch":40,"minecraft:dirt":6,"minecraft:granite":4,"minecraft:iron_hoe":43,"minecraft:dark_oak_planks":11,"minecraft:iron_axe":88,"minecraft:iron_boots":4,"alexsmobs:banana":1,"minecraft:cooked_beef":10,"minecraft:light_gray_bed":3,"minecraft:iron_leggings":2,"farmersdelight:fried_egg":1,"minecraft:cooked_mutton":11,"minecraft:water_bucket":1,"scguns:musket":1,"minecraft:baked_potato":1,"tfmg:lignite":1,"minecraft:crafting_table":4,"minecraft:campfire":1,"minecraft:paper":1,"create:andesite_ladder":7,"minecraft:iron_pickaxe":509,"minecraft:stone_axe":55,"minecraft:cobblestone":18,"minecraft:cooked_porkchop":7,"minecraft:bucket":1,"minecraft:yellow_bed":4,"minecraft:pumpkin_pie":9,"quark:oak_chest":2,"alexsmobs:animal_dictionary":1},"minecraft:mined":{"minecraft:dark_oak_planks":5,"supplementaries:goblet":1,"minecraft:stone_pressure_plate":2,"minecraft:jungle_leaves":5,"tfmg:lignite":5,"minecraft:granite":22,"minecraft:grass_block":7,"minecraft:light_gray_bed":3,"create:andesite_ladder":8,"create:item_vault":45,"minecraft:potted_warped_fungus":1,"blue_skies:maple_planks":4,"minecraft:iron_ore":9,"minecraft:fire":1,"blue_skies:lunar_stonebrick":1,"minecraft:pointed_dripstone":4,"minecraft:flowering_azalea_leaves":7,"amendments:wall_lantern":1,"minecraft:torch":1,"minecraft:melon":23,"create:scoria":9,"tfmg:lead_ore":6,"minecraft:cobblestone":14,"minecraft:sugar_cane":1,"minecraft:wall_torch":4,"minecraft:grass":70,"minecraft:oak_log":13,"minecraft:dirt":20,"minecraft:oak_leaves":5,"minecraft:deepslate":12,"scguns:sulfur_ore":10,"create:zinc_ore":5,"minecraft:tuff":2,"minecraft:dark_oak_leaves":1,"minecraft:dark_oak_log":1,"create_central_kitchen:pumpkin_pie":1,"thinair:signal_torch":1,"create_new_age:thorium_ore":3,"minecraft:redstone_wire":166,"minecraft:sandstone":1,"minecraft:large_fern":1,"minecraft:hay_block":3,"minecraft:furnace":12,"supplementaries:flax":2,"minecraft:andesite":107,"goblins_tyranny:mugs_2":1,"minecraft:vine":3,"minecraft:lantern":6,"minecraft:stone":377,"create_new_age:magnetite_block":2,"minecraft:crafting_table":1,"create:fluid_pipe":12,"biomesoplenty:mahogany_planks":13,"minecraft:campfire":5,"minecraft:copper_ore":14,"minecraft:tall_grass":8,"minecraft:lapis_ore":2,"minecraft:diorite":37,"supplementaries:urn":2,"biomesoplenty:mahogany_log":23,"minecraft:yellow_bed":4,"minecraft:coal_ore":129,"minecraft:gravel":4,"minecraft:cobweb":7,"minecraft:fern":30},"minecraft:crafted":{"minecraft:oak_planks":16,"minecraft:cooked_chicken":27,"minecraft:stone":2,"minecraft:cooked_mutton":18,"blue_skies:blue_journal":1,"minecraft:cooked_porkchop":37,"minecraft:crafting_table":3,"minecraft:copper_ingot":5,"minecraft:campfire":1,"farmersdelight:fried_egg":8,"minecraft:stick":12,"quark:oak_chest":2,"minecraft:iron_ingot":30,"minecraft:iron_pickaxe":2,"biomesoplenty:mahogany_planks":92,"minecraft:furnace":1,"minecraft:bone_meal":27,"quark:acacia_chest":2,"minecraft:stone_pickaxe":2,"minecraft:dark_oak_planks":12,"minecraft:wheat":27,"sophisticatedbackpacks:iron_backpack":2,"minecraft:cooked_beef":16,"minecraft:iron_sword":1,"minecraft:bucket":1,"minecraft:stone_axe":1,"minecraft:bread":13,"minecraft:air":0,"minecraft:acacia_planks":16},"minecraft:picked_up":{"minecraft:wheat":3,"create:metal_bracket":8,"minecraft:string":7,"minecraft:raw_copper":151,"delightful:acorn":3,"minecraft:cobbled_deepslate":21,"alexsmobs:banana":1,"minecraft:bucket":3,"minecraft:rose_bush":1,"minecraft:iron_pickaxe":2,"minecraft:melon_slice":287,"minecraft:coal_block":12,"minecraft:iron_boots":2,"minecraft:furnace":12,"minecraft:stick":10,"minecraft:big_dripleaf":1,"minecraft:acacia_log":4,"minecraft:torch":46,"blue_skies:maple_planks":4,"minecraft:porkchop":41,"minecraft:pointed_dripstone":5,"minecraft:diorite":37,"supplementaries:flax":8,"minecraft:stone_sword":7,"minecraft:cactus":1,"minecraft:light_gray_bed":3,"minecraft:rotten_flesh":13,"create:scoria":9,"alexsmobs:emu_egg":1,"minecraft:cobblestone":437,"minecraft:feather":23,"minecraft:andesite":116,"create_dd:coal_piece":24,"minecraft:flint":1,"minecraft:tuff":3,"create:raw_zinc":25,"supplementaries:flax_seeds":27,"tfmg:raw_lead":8,"minecraft:lapis_lazuli":23,"minecraft:dirt":50,"minecraft:lantern":12,"minecraft:bone":13,"supplementaries:goblet":1,"minecraft:wheat_seeds":34,"create_new_age:magnetite_block":2,"scguns:sulfur_chunk":43,"minecraft:oak_planks":3,"minecraft:stone_hoe":3,"biomesoplenty:mahogany_planks":70,"miners_delight:gossypium":1,"create:cogwheel":6,"create:steam_whistle":1,"sophisticatedbackpacks:iron_backpack":4,"minecraft:dark_oak_log":2,"improvableskills:skills_book":1,"minecraft:crossbow":1,"minecraft:granite":42,"minecraft:bread":6,"minecraft:oak_sapling":22,"minecraft:charcoal":10,"minecraft:crafting_table":5,"create_new_age:thorium":81,"minecraft:azure_bluet":1,"minecraft:chicken":30,"minecraft:iron_axe":3,"create:fluid_pipe":12,"minecraft:compass":1,"minecraft:netherite_sword":1,"minecraft:beef":20,"scguns:ancient_brass":31,"minecraft:sugar_cane":4,"minecraft:egg":9,"minecraft:raw_iron":17,"minecraft:sandstone":1,"minecraft:copper_ingot":28,"sophisticatedbackpacks:backpack":5,"minecraft:carrot":27,"minecraft:redstone":182,"minecraft:dark_oak_planks":5,"goblins_tyranny:goblins_meat":2,"minecraft:arrow":30,"minecraft:hay_block":3,"minecraft:saddle":1,"minecraft:mutton":21,"minecraft:white_wool":6,"minecraft:leather":14,"minecraft:filled_map":1,"minecraft:oak_log":95,"create:andesite_alloy":2,"minecraft:yellow_bed":5,"minecraft:gunpowder":3,"minecraft:paper":4,"create:item_vault":45,"scguns:anthralite_nugget":3,"minecraft:cooked_mutton":7,"blue_skies:lunar_stonebrick":1,"minecraft:iron_ingot":6,"minecraft:stone_pickaxe":2,"minecraft:iron_sword":3,"minecraft:book":1,"tfmg:lignite":5,"minecraft:dripstone_block":1,"minecraft:gravel":3,"biomesoplenty:mahogany_log":23,"minecraft:stone_axe":6,"minecraft:iron_helmet":4,"minecraft:baked_potato":1,"minecraft:black_wool":3,"minecraft:coal":266,"create:andesite_ladder":19}},"DataVersion":3465}