{"stats":{"minecraft:killed_by":{"minecraft:skeleton":2},"minecraft:mined":{"minecraft:white_bed":2,"minecraft:mossy_cobblestone":20,"minecraft:cherry_log":52,"minecraft:acacia_log":8,"minecraft:grass_block":90,"minecraft:furnace":7,"minecraft:carrots":8,"minecraft:iron_ore":99,"supplementaries:stick":31,"minecraft:deepslate_iron_ore":3,"minecraft:flowering_azalea_leaves":2,"minecraft:dirt_path":2,"minecraft:azalea":1,"minecraft:stone":4557,"minecraft:acacia_leaves":22,"minecraft:smoker":7,"minecraft:crafting_table":2,"diagonalfences:minecraft/oak_fence":13,"minecraft:blast_furnace":5,"minecraft:emerald_ore":3,"minecraft:chest":1,"minecraft:campfire":3,"minecraft:tall_grass":8,"minecraft:copper_ore":11,"minecraft:cobblestone":7,"minecraft:deepslate_coal_ore":8,"minecraft:pink_petals":31,"minecraft:wheat":7,"minecraft:grass":24,"minecraft:oak_log":12,"minecraft:coal_ore":170,"minecraft:beetroots":1,"minecraft:cherry_leaves":12,"minecraft:flower_pot":1,"minecraft:sand":52,"minecraft:dirt":10,"minecraft:oak_leaves":33},"minecraft:picked_up":{"minecraft:charcoal":6,"minecraft:crafting_table":2,"minecraft:wheat":3,"minecraft:chicken":3,"minecraft:flower_pot":1,"naturalist:venison":2,"minecraft:string":3,"minecraft:raw_copper":35,"minecraft:beef":7,"minecraft:white_tulip":1,"minecraft:azalea":1,"minecraft:light_gray_wool":3,"minecraft:chest":1,"minecraft:furnace":7,"minecraft:egg":5,"minecraft:stick":96,"minecraft:raw_iron":118,"minecraft:oak_fence":24,"minecraft:torch":7,"minecraft:acacia_log":8,"minecraft:porkchop":19,"minecraft:cherry_log":57,"minecraft:carrot":8,"minecraft:rotten_flesh":36,"minecraft:arrow":4,"minecraft:beetroot_seeds":1,"minecraft:peony":1,"minecraft:mutton":25,"minecraft:white_wool":22,"minecraft:cobblestone":4485,"minecraft:pink_petals":91,"minecraft:feather":5,"vinery:rotten_cherry":1,"minecraft:leather":5,"minecraft:smoker":7,"minecraft:potato":1,"minecraft:oak_log":12,"minecraft:dirt":213,"minecraft:lantern":2,"minecraft:bone":3,"minecraft:apple":1,"minecraft:bow":2,"minecraft:wheat_seeds":62,"minecraft:stone_pickaxe":1,"minecraft:acacia_sapling":7,"minecraft:sand":52,"minecraft:blast_furnace":5,"minecraft:white_bed":2,"minecraft:mossy_cobblestone":20,"minecraft:spider_eye":1,"naturalist:duck_egg":1,"minecraft:leather_helmet":1,"naturalist:antler":1,"minecraft:cherry_sapling":24,"minecraft:emerald":3,"minecraft:bread":2,"minecraft:oak_sapling":8,"minecraft:black_wool":1,"minecraft:coal":278},"minecraft:used":{"minecraft:oak_fence":29,"minecraft:cherry_sapling":2,"minecraft:iron_shovel":145,"minecraft:chest":13,"minecraft:shield":17,"minecraft:iron_sword":147,"minecraft:stick":52,"minecraft:torch":7,"naturalist:cooked_venison":2,"minecraft:dirt":29,"minecraft:carrot":5,"minecraft:iron_hoe":28,"minecraft:lantern":1,"minecraft:oak_sapling":1,"minecraft:furnace":8,"minecraft:cooked_beef":2,"farmersdelight:fried_egg":3,"minecraft:wheat_seeds":27,"minecraft:cooked_mutton":4,"minecraft:water_bucket":1,"naturalist:cooked_egg":3,"minecraft:stone_pickaxe":64,"minecraft:baked_potato":6,"minecraft:crafting_table":4,"minecraft:blast_furnace":5,"minecraft:white_bed":3,"minecraft:smoker":3,"minecraft:apple":4,"vinery:rotten_cherry":1,"minecraft:bread":22,"minecraft:iron_pickaxe":4851,"minecraft:stone_axe":119,"minecraft:wooden_sword":47,"minecraft:cobblestone":60,"minecraft:cooked_porkchop":6,"minecraft:bucket":1,"minecraft:bone_meal":6},"minecraft:custom":{"lootr:looted_stat":63,"minecraft:mob_kills":72,"minecraft:animals_bred":4,"minecraft:interact_with_crafting_table":35,"minecraft:leave_game":6,"minecraft:time_since_death":251213,"minecraft:climb_one_cm":8853,"minecraft:sprint_one_cm":413978,"minecraft:walk_one_cm":1070177,"minecraft:damage_blocked_by_shield":728,"minecraft:drop":75,"minecraft:talked_to_villager":1,"minecraft:play_time":340903,"minecraft:sneak_time":17536,"minecraft:deaths":3,"minecraft:walk_under_water_one_cm":9731,"minecraft:jump":4043,"minecraft:interact_with_blast_furnace":48,"minecraft:walk_on_water_one_cm":7494,"minecraft:total_world_time":340903,"minecraft:interact_with_furnace":77,"minecraft:interact_with_loom":3,"minecraft:sleep_in_bed":14,"minecraft:time_since_rest":18057,"minecraft:damage_taken":2296,"minecraft:damage_dealt":8902,"minecraft:swim_one_cm":49265,"minecraft:fly_one_cm":630069,"minecraft:open_chest":148,"minecraft:crouch_one_cm":70441,"minecraft:interact_with_smoker":9,"minecraft:fall_one_cm":102597},"minecraft:dropped":{"minecraft:iron_ingot":28,"minecraft:gold_ore":1,"minecraft:bread":2,"naturalist:antler":1,"minecraft:wheat_seeds":23,"minecraft:mossy_cobblestone":20,"minecraft:cooked_porkchop":3,"minecraft:oak_fence":11,"minecraft:cobblestone":2799,"minecraft:acacia_log":2,"minecraft:stick":14,"minecraft:dirt":10,"minecraft:wooden_sword":1,"minecraft:iron_pickaxe":1,"minecraft:pink_petals":1,"minecraft:string":2,"minecraft:raw_iron":16,"minecraft:cherry_sapling":5,"minecraft:rotten_flesh":8,"minecraft:leather_boots":1,"minecraft:spider_eye":1,"minecraft:bow":1},"minecraft:killed":{"minecraft:spider":4,"minecraft:skeleton":2,"naturalist:deer":1,"minecraft:chicken":3,"minecraft:drowned":1,"naturalist:vulture":1,"minecraft:pig":8,"hamsters:hamster":1,"minecraft:sheep":19,"naturalist:finch":1,"minecraft:zombie":26,"minecraft:cow":4},"minecraft:broken":{"minecraft:stone_axe":1,"minecraft:iron_pickaxe":19},"minecraft:crafted":{"minecraft:cherry_planks":212,"minecraft:oak_planks":48,"naturalist:cooked_venison":2,"comforts:sleeping_bag_white":3,"mythicmetals:copper_boots":1,"minecraft:furnace":1,"minecraft:bone_meal":6,"minecraft:cooked_mutton":6,"minecraft:glass":52,"minecraft:iron_boots":1,"minecraft:leather":4,"minecraft:chest":14,"mythicmetals:copper_helmet":1,"mythicmetals:copper_leggings":1,"minecraft:oak_fence":24,"mythicmetals:copper_chestplate":1,"minecraft:cooked_porkchop":25,"minecraft:crafting_table":2,"travelersbackpack:backpack_tank":4,"minecraft:iron_helmet":1,"minecraft:baked_potato":5,"travelersbackpack:standard":2,"minecraft:copper_ingot":35,"minecraft:bucket":1,"minecraft:stone_axe":1,"minecraft:air":0,"farmersdelight:fried_egg":33,"minecraft:white_wool":1,"minecraft:iron_chestplate":1,"minecraft:stick":36,"minecraft:iron_pickaxe":19,"minecraft:iron_ingot":125,"minecraft:iron_shovel":1,"minecraft:iron_leggings":1,"minecraft:white_bed":1,"minecraft:acacia_planks":24,"naturalist:cooked_egg":16,"minecraft:shears":1}},"DataVersion":3465}