{"stats":{"minecraft:killed_by":{"minecraft:skeleton":2},"minecraft:mined":{"minecraft:mossy_cobblestone":2,"minecraft:cherry_log":52,"minecraft:acacia_log":8,"minecraft:grass_block":88,"minecraft:furnace":7,"minecraft:carrots":8,"minecraft:iron_ore":74,"supplementaries:stick":31,"minecraft:deepslate_iron_ore":3,"minecraft:flowering_azalea_leaves":2,"minecraft:dirt_path":2,"minecraft:azalea":1,"minecraft:stone":1321,"minecraft:acacia_leaves":22,"minecraft:smoker":7,"minecraft:crafting_table":2,"diagonalfences:minecraft/oak_fence":13,"minecraft:blast_furnace":5,"minecraft:emerald_ore":2,"minecraft:chest":1,"minecraft:campfire":3,"minecraft:tall_grass":8,"minecraft:copper_ore":11,"minecraft:cobblestone":3,"minecraft:deepslate_coal_ore":8,"minecraft:pink_petals":28,"minecraft:wheat":7,"minecraft:grass":23,"minecraft:oak_log":12,"minecraft:coal_ore":97,"minecraft:beetroots":1,"minecraft:cherry_leaves":4,"minecraft:flower_pot":1,"minecraft:sand":52,"minecraft:dirt":7,"minecraft:oak_leaves":33},"minecraft:picked_up":{"minecraft:charcoal":6,"minecraft:crafting_table":2,"minecraft:wheat":3,"minecraft:chicken":3,"minecraft:flower_pot":1,"naturalist:venison":2,"minecraft:string":1,"minecraft:raw_copper":35,"minecraft:beef":7,"minecraft:azalea":1,"minecraft:light_gray_wool":3,"minecraft:chest":1,"minecraft:furnace":7,"minecraft:egg":5,"minecraft:stick":96,"minecraft:raw_iron":77,"minecraft:oak_fence":24,"minecraft:torch":7,"minecraft:acacia_log":8,"minecraft:porkchop":16,"minecraft:cherry_log":57,"minecraft:carrot":8,"minecraft:rotten_flesh":16,"minecraft:arrow":4,"minecraft:beetroot_seeds":1,"minecraft:mutton":25,"minecraft:white_wool":22,"minecraft:cobblestone":1304,"minecraft:pink_petals":84,"minecraft:feather":5,"vinery:rotten_cherry":1,"minecraft:leather":5,"minecraft:smoker":7,"minecraft:oak_log":12,"minecraft:dirt":101,"minecraft:lantern":2,"minecraft:bone":3,"minecraft:apple":1,"minecraft:bow":2,"minecraft:wheat_seeds":62,"minecraft:stone_pickaxe":1,"minecraft:acacia_sapling":7,"minecraft:sand":52,"minecraft:blast_furnace":5,"naturalist:duck_egg":1,"minecraft:mossy_cobblestone":2,"naturalist:antler":1,"minecraft:cherry_sapling":24,"minecraft:emerald":2,"minecraft:bread":2,"minecraft:oak_sapling":8,"minecraft:black_wool":1,"minecraft:coal":206},"minecraft:used":{"minecraft:oak_fence":29,"minecraft:cherry_sapling":2,"minecraft:iron_shovel":145,"minecraft:chest":13,"minecraft:shield":15,"minecraft:iron_sword":90,"minecraft:stick":52,"minecraft:torch":7,"naturalist:cooked_venison":2,"minecraft:dirt":29,"minecraft:carrot":5,"minecraft:iron_hoe":28,"minecraft:lantern":1,"minecraft:oak_sapling":1,"minecraft:furnace":8,"minecraft:cooked_beef":2,"farmersdelight:fried_egg":2,"minecraft:wheat_seeds":27,"minecraft:cooked_mutton":4,"minecraft:water_bucket":1,"naturalist:cooked_egg":2,"minecraft:stone_pickaxe":64,"minecraft:baked_potato":6,"minecraft:crafting_table":4,"minecraft:blast_furnace":5,"minecraft:white_bed":1,"minecraft:smoker":3,"minecraft:apple":4,"vinery:rotten_cherry":1,"minecraft:bread":22,"minecraft:iron_pickaxe":1483,"minecraft:stone_axe":119,"minecraft:wooden_sword":47,"minecraft:cobblestone":15,"minecraft:cooked_porkchop":6,"minecraft:bucket":1,"minecraft:bone_meal":6},"minecraft:custom":{"lootr:looted_stat":63,"minecraft:mob_kills":55,"minecraft:animals_bred":4,"minecraft:interact_with_crafting_table":29,"minecraft:leave_game":3,"minecraft:time_since_death":135950,"minecraft:climb_one_cm":8853,"minecraft:sprint_one_cm":398099,"minecraft:walk_one_cm":722196,"minecraft:damage_blocked_by_shield":638,"minecraft:drop":18,"minecraft:talked_to_villager":1,"minecraft:play_time":225640,"minecraft:deaths":3,"minecraft:sneak_time":13459,"minecraft:walk_under_water_one_cm":9731,"minecraft:jump":3701,"minecraft:interact_with_blast_furnace":35,"minecraft:walk_on_water_one_cm":7494,"minecraft:total_world_time":225640,"minecraft:interact_with_furnace":77,"minecraft:interact_with_loom":3,"minecraft:sleep_in_bed":7,"minecraft:time_since_rest":29507,"minecraft:damage_taken":1721,"minecraft:damage_dealt":6451,"minecraft:swim_one_cm":49265,"minecraft:fly_one_cm":614441,"minecraft:open_chest":142,"minecraft:crouch_one_cm":55642,"minecraft:interact_with_smoker":8,"minecraft:fall_one_cm":99977},"minecraft:dropped":{"minecraft:gold_ore":1,"minecraft:bread":2,"naturalist:antler":1,"minecraft:wheat_seeds":23,"minecraft:mossy_cobblestone":2,"minecraft:cooked_porkchop":3,"minecraft:oak_fence":11,"minecraft:acacia_log":2,"minecraft:stick":14,"minecraft:dirt":3,"minecraft:wooden_sword":1,"minecraft:iron_pickaxe":1,"minecraft:leather_boots":1},"minecraft:killed":{"minecraft:spider":3,"minecraft:skeleton":2,"naturalist:deer":1,"minecraft:chicken":3,"minecraft:drowned":1,"naturalist:vulture":1,"minecraft:pig":7,"hamsters:hamster":1,"minecraft:sheep":19,"naturalist:finch":1,"minecraft:zombie":12,"minecraft:cow":4},"minecraft:broken":{"minecraft:stone_axe":1,"minecraft:iron_pickaxe":5},"minecraft:crafted":{"minecraft:cherry_planks":208,"minecraft:oak_planks":48,"naturalist:cooked_venison":2,"comforts:sleeping_bag_white":3,"mythicmetals:copper_boots":1,"minecraft:furnace":1,"minecraft:bone_meal":6,"minecraft:cooked_mutton":6,"minecraft:glass":52,"minecraft:iron_boots":1,"minecraft:leather":4,"minecraft:chest":14,"mythicmetals:copper_helmet":1,"mythicmetals:copper_leggings":1,"minecraft:oak_fence":24,"mythicmetals:copper_chestplate":1,"minecraft:cooked_porkchop":25,"minecraft:crafting_table":2,"travelersbackpack:backpack_tank":4,"minecraft:iron_helmet":1,"minecraft:baked_potato":5,"travelersbackpack:standard":2,"minecraft:copper_ingot":35,"minecraft:bucket":1,"minecraft:stone_axe":1,"minecraft:air":0,"farmersdelight:fried_egg":33,"minecraft:white_wool":1,"minecraft:iron_chestplate":1,"minecraft:stick":28,"minecraft:iron_ingot":97,"minecraft:iron_pickaxe":6,"minecraft:iron_shovel":1,"minecraft:iron_leggings":1,"minecraft:white_bed":1,"minecraft:acacia_planks":24,"naturalist:cooked_egg":16,"minecraft:shears":1}},"DataVersion":3465}