{"stats":{"minecraft:custom":{"minecraft:interact_with_furnace":28,"minecraft:mob_kills":3,"minecraft:traded_with_villager":6,"minecraft:interact_with_crafting_table":26,"minecraft:open_shulker_box":3,"minecraft:leave_game":1,"minecraft:time_since_death":986,"minecraft:time_since_rest":12252,"minecraft:sprint_one_cm":170954,"minecraft:damage_taken":2095,"minecraft:walk_one_cm":626599,"minecraft:drop":48,"minecraft:damage_dealt":669,"minecraft:talked_to_villager":33,"minecraft:fly_one_cm":247299,"minecraft:player_kills":1,"minecraft:open_chest":178,"minecraft:crouch_one_cm":135046,"minecraft:play_time":247996,"minecraft:deaths":8,"minecraft:sneak_time":42738,"minecraft:walk_under_water_one_cm":11200,"minecraft:jump":997,"minecraft:walk_on_water_one_cm":2653,"minecraft:total_world_time":247996,"minecraft:fall_one_cm":13842},"minecraft:picked_up":{"minecraft:wooden_axe":2,"minecraft:mud":39,"minecraft:crafting_table":3,"minecraft:andesite":11,"minecraft:clay_ball":68,"minecraft:wooden_pickaxe":1,"minecraft:potato":7,"minecraft:oak_log":119,"minecraft:lapis_lazuli":75,"minecraft:dirt":401,"minecraft:raw_copper":22,"minecraft:pufferfish":2,"minecraft:bone":1,"minecraft:apple":1,"minecraft:cobbled_deepslate":1,"minecraft:raw_gold":11,"minecraft:bucket":1,"minecraft:iron_ingot":6,"minecraft:stone_pickaxe":1,"minecraft:iron_pickaxe":1,"minecraft:jungle_sapling":6,"minecraft:soul_sand":1,"minecraft:melon_slice":25,"minecraft:bamboo":3,"minecraft:moss_block":137,"minecraft:chest":4,"minecraft:oak_planks":28,"minecraft:furnace":2,"minecraft:dark_oak_sapling":1,"minecraft:oak_slab":77,"minecraft:stick":19,"minecraft:raw_iron":49,"minecraft:quartz":1,"minecraft:torch":15,"minecraft:dripstone_block":38,"minecraft:spruce_sapling":29,"minecraft:diorite":15,"minecraft:carrot":21,"minecraft:spruce_log":208,"minecraft:redstone":40,"minecraft:pumpkin_seeds":1,"minecraft:arrow":1,"minecraft:diamond":7,"minecraft:granite":13,"minecraft:cherry_sapling":2,"minecraft:emerald":2,"minecraft:oak_sapling":9,"minecraft:coal":62,"minecraft:cobblestone":200},"minecraft:killed_by":{"minecraft:player":2,"minecraft:skeleton":1,"minecraft:pufferfish":1},"minecraft:crafted":{"minecraft:oak_planks":472,"minecraft:oak_slab":594,"minecraft:crafting_table":2,"minecraft:spruce_planks":132,"minecraft:furnace":3,"minecraft:pufferfish_bucket":3,"minecraft:stone_axe":1,"minecraft:air":0,"minecraft:wooden_hoe":1,"minecraft:iron_axe":2,"minecraft:melon_seeds":4,"minecraft:stick":36,"minecraft:iron_ingot":78,"minecraft:iron_pickaxe":2,"minecraft:stone_pickaxe":2,"minecraft:wooden_axe":3,"minecraft:chest":2,"minecraft:jungle_sapling":3,"minecraft:torch":36},"minecraft:dropped":{"minecraft:water_bucket":1,"minecraft:iron_ingot":14,"minecraft:oak_slab":11,"minecraft:moss_block":4,"minecraft:oak_log":2,"minecraft:dripstone_block":1,"minecraft:raw_iron":2,"minecraft:cobblestone":417,"minecraft:carrot":4,"minecraft:dirt":162,"minecraft:wooden_axe":3,"minecraft:oak_sapling":1,"minecraft:pufferfish_bucket":1,"minecraft:stone_pickaxe":2,"minecraft:quartz":1,"minecraft:redstone":5,"minecraft:stone_hoe":1},"minecraft:broken":{"minecraft:stone_pickaxe":1,"minecraft:stone_axe":1,"minecraft:wooden_axe":1,"minecraft:wooden_pickaxe":1},"minecraft:killed":{"minecraft:pufferfish":2},"minecraft:mined":{"minecraft:podzol":4,"minecraft:oak_slab":135,"minecraft:oak_sapling":1,"minecraft:farmland":3,"minecraft:cherry_sapling":2,"minecraft:clay":6,"minecraft:crafting_table":3,"minecraft:torch":11,"minecraft:granite":5,"minecraft:grass_block":158,"minecraft:chest":4,"minecraft:copper_ore":2,"minecraft:lapis_ore":3,"minecraft:spruce_leaves":44,"minecraft:oak_planks":28,"minecraft:moss_block":77,"minecraft:diorite":6,"minecraft:wall_torch":1,"minecraft:redstone_ore":2,"minecraft:spruce_sapling":3,"minecraft:furnace":2,"minecraft:carrots":4,"minecraft:jungle_sapling":6,"minecraft:mud":21,"minecraft:iron_ore":14,"minecraft:pumpkin_stem":1,"minecraft:andesite":5,"minecraft:spruce_log":211,"minecraft:potatoes":3,"minecraft:coal_ore":20,"minecraft:oak_log":64,"minecraft:dark_oak_sapling":1,"minecraft:dripstone_block":20,"minecraft:dirt":86,"minecraft:bamboo_sapling":1,"minecraft:bamboo":2,"minecraft:stone":57,"minecraft:gold_ore":6,"minecraft:oak_leaves":42},"minecraft:used":{"minecraft:cherry_sapling":2,"minecraft:water_bucket":13,"minecraft:stone_pickaxe":130,"minecraft:oak_planks":93,"minecraft:spruce_planks":1,"minecraft:chest":6,"minecraft:wooden_pickaxe":23,"minecraft:stone_hoe":49,"minecraft:torch":27,"minecraft:dirt":354,"minecraft:oak_slab":590,"minecraft:crafting_table":5,"minecraft:carrot":2,"minecraft:pumpkin_seeds":1,"minecraft:jungle_sapling":6,"minecraft:wooden_axe":87,"minecraft:wooden_hoe":11,"minecraft:apple":1,"minecraft:iron_axe":319,"minecraft:melon_slice":11,"minecraft:iron_pickaxe":72,"minecraft:spruce_sapling":25,"minecraft:melon_seeds":4,"minecraft:bamboo":3,"minecraft:stone_axe":132,"minecraft:cobblestone":2,"minecraft:pufferfish_bucket":2,"minecraft:furnace":5,"minecraft:oak_sapling":3,"minecraft:beetroot_seeds":6,"minecraft:bucket":14,"minecraft:potato":2}},"DataVersion":3953}